[
 {
   "Date": "6/1/42",
   "Total": 17393,
   "Topaz_Central Utah": 0,
   "Poston_Colorado River": 7281,
   "Gila River": 0,
   "Granada": 0,
   "Heart Mountain": 0,
   "Jerome": 0,
   "Manzanar": 9666,
   "Minidoka": 0,
   "Rohwer": 0,
   "Tule Lake": 446
 },
 {
   "Date": "7/1/42",
   "Total": 27633,
   "Topaz_Central Utah": 0,
   "Poston_Colorado River": 8755,
   "Gila River": 0,
   "Granada": 0,
   "Heart Mountain": 0,
   "Jerome": 0,
   "Manzanar": 9840,
   "Minidoka": 0,
   "Rohwer": 0,
   "Tule Lake": 9038
 },
 {
   "Date": "8/1/42",
   "Total": 40316,
   "Topaz_Central Utah": 0,
   "Poston_Colorado River": 13262,
   "Gila River": 2106,
   "Granada": 0,
   "Heart Mountain": 0,
   "Jerome": 0,
   "Manzanar": 9928,
   "Minidoka": 0,
   "Rohwer": 0,
   "Tule Lake": 15020
 },
 {
   "Date": "9/1/42",
   "Total": 63031,
   "Topaz_Central Utah": 0,
   "Poston_Colorado River": 17818,
   "Gila River": 9150,
   "Granada": 212,
   "Heart Mountain": 5758,
   "Jerome": 0,
   "Manzanar": 10072,
   "Minidoka": 4840,
   "Rohwer": 0,
   "Tule Lake": 15181
 },
 {
   "Date": "10/1/42",
   "Total": 90499,
   "Topaz_Central Utah": 5806,
   "Poston_Colorado River": 17847,
   "Gila River": 11555,
   "Granada": 7480,
   "Heart Mountain": 10813,
   "Jerome": 0,
   "Manzanar": 10256,
   "Minidoka": 9200,
   "Rohwer": 2265,
   "Tule Lake": 15277
 },
 {
   "Date": "11/1/42",
   "Total": 109192,
   "Topaz_Central Utah": 8320,
   "Poston_Colorado River": 17877,
   "Gila River": 13368,
   "Granada": 7654,
   "Heart Mountain": 11107,
   "Jerome": 7039,
   "Manzanar": 10181,
   "Minidoka": 9846,
   "Rohwer": 8407,
   "Tule Lake": 15393
 },
 {
   "Date": "12/1/42",
   "Total": 110160,
   "Topaz_Central Utah": 8294,
   "Poston_Colorado River": 17965,
   "Gila River": 13368,
   "Granada": 7651,
   "Heart Mountain": 11105,
   "Jerome": 7925,
   "Manzanar": 10177,
   "Minidoka": 9849,
   "Rohwer": 8515,
   "Tule Lake": 15311
 },
 {
   "Date": "1/1/43",
   "Total": 110240,
   "Topaz_Central Utah": 8232,
   "Poston_Colorado River": 8039,
   "Gila River": 13420,
   "Granada": 7656,
   "Heart Mountain": 11062,
   "Jerome": 7932,
   "Manzanar": 10121,
   "Minidoka": 9861,
   "Rohwer": 8548,
   "Tule Lake": 15369
 },
 {
   "Date": "2/1/43",
   "Total": 110353,
   "Topaz_Central Utah": 8214,
   "Poston_Colorado River": 18025,
   "Gila River": 13411,
   "Granada": 7622,
   "Heart Mountain": 11006,
   "Jerome": 8354,
   "Manzanar": 10079,
   "Minidoka": 9814,
   "Rohwer": 8538,
   "Tule Lake": 15274
 },
 {
   "Date": "3/1/43",
   "Total": 110181,
   "Topaz_Central Utah": 8152,
   "Poston_Colorado River": 17984,
   "Gila River": 13374,
   "Granada": 7619,
   "Heart Mountain": 10959,
   "Jerome": 8587,
   "Manzanar": 9796,
   "Minidoka": 9924,
   "Rohwer": 8528,
   "Tule Lake": 15219
 },
 {
   "Date": "4/1/43",
   "Total": 109648,
   "Topaz_Central Utah": 8332,
   "Poston_Colorado River": 17941,
   "Gila River": 13372,
   "Granada": 7476,
   "Heart Mountain": 10886,
   "Jerome": 8526,
   "Manzanar": 9707,
   "Minidoka": 9772,
   "Rohwer": 8478,
   "Tule Lake": 15124
 },
 {
   "Date": "5/1/43",
   "Total": 107693,
   "Topaz_Central Utah": 8189,
   "Poston_Colorado River": 17741,
   "Gila River": 13224,
   "Granada": 7222,
   "Heart Mountain": 10724,
   "Jerome": 8350,
   "Manzanar": 9496,
   "Minidoka": 9401,
   "Rohwer": 8286,
   "Tule Lake": 15015
 },
 {
   "Date": "6/1/43",
   "Total": 105300,
   "Topaz_Central Utah": 8018,
   "Poston_Colorado River": 17406,
   "Gila River": 12954,
   "Granada": 7016,
   "Heart Mountain": 10520,
   "Jerome": 8182,
   "Manzanar": 9272,
   "Minidoka": 8989,
   "Rohwer": 8061,
   "Tule Lake": 14828
 },
 {
   "Date": "7/1/43",
   "Total": 103282,
   "Topaz_Central Utah": 7862,
   "Poston_Colorado River": 16995,
   "Gila River": 12683,
   "Granada": 6931,
   "Heart Mountain": 10307,
   "Jerome": 7972,
   "Manzanar": 9197,
   "Minidoka": 8752,
   "Rohwer": 7895,
   "Tule Lake": 14630
 },
 {
   "Date": "8/1/43",
   "Total": 101937,
   "Topaz_Central Utah": 7809,
   "Poston_Colorado River": 16671,
   "Gila River": 12542,
   "Granada": 3876,
   "Heart Mountain": 10178,
   "Jerome": 7808,
   "Manzanar": 9163,
   "Minidoka": 8556,
   "Rohwer": 7781,
   "Tule Lake": 14484
 },
 {
   "Date": "9/1/43",
   "Total": 99927,
   "Topaz_Central Utah": 7682,
   "Poston_Colorado River": 16279,
   "Gila River": 12251,
   "Granada": 6764,
   "Heart Mountain": 10073,
   "Jerome": 7649,
   "Manzanar": 9105,
   "Minidoka": 8325,
   "Rohwer": 7552,
   "Tule Lake": 14185
 },
 {
   "Date": "10/1/43",
   "Total": 98529,
   "Topaz_Central Utah": 7608,
   "Poston_Colorado River": 16013,
   "Gila River": 12056,
   "Granada": 7494,
   "Heart Mountain": 10509,
   "Jerome": 6899,
   "Manzanar": 9045,
   "Minidoka": 9530,
   "Rohwer": 7123,
   "Tule Lake": 12183
 },
 {
   "Date": "11/1/43",
   "Total": 97539,
   "Topaz_Central Utah": 7554,
   "Poston_Colorado River": 14470,
   "Gila River": 10017,
   "Granada": 7368,
   "Heart Mountain": 10426,
   "Jerome": 6787,
   "Manzanar": 8701,
   "Minidoka": 9419,
   "Rohwer": 6731,
   "Tule Lake": 16012
 },
 {
   "Date": "12/1/43",
   "Total": 96963,
   "Topaz_Central Utah": 7585,
   "Poston_Colorado River": 14372,
   "Gila River": 9898,
   "Granada": 7393,
   "Heart Mountain": 10406,
   "Jerome": 6726,
   "Manzanar": 8621,
   "Minidoka": 9492,
   "Rohwer": 6676,
   "Tule Lake": 15671
 },
 {
   "Date": "1/1/44",
   "Total": 96576,
   "Topaz_Central Utah": 7559,
   "Poston_Colorado River": 14295,
   "Gila River": 9869,
   "Granada": 7355,
   "Heart Mountain": 10388,
   "Jerome": 6700,
   "Manzanar": 8643,
   "Minidoka": 9461,
   "Rohwer": 6676,
   "Tule Lake": 15630
 },
 {
   "Date": "2/1/44",
   "Total": 95576,
   "Topaz_Central Utah": 7438,
   "Poston_Colorado River": 14109,
   "Gila River": 9800,
   "Granada": 7176,
   "Heart Mountain": 10242,
   "Jerome": 6632,
   "Manzanar": 8580,
   "Minidoka": 9374,
   "Rohwer": 6600,
   "Tule Lake": 15625
 },
 {
   "Date": "3/1/44",
   "Total": 94462,
   "Topaz_Central Utah": 7350,
   "Poston_Colorado River": 13876,
   "Gila River": 9655,
   "Granada": 6983,
   "Heart Mountain": 10112,
   "Jerome": 6537,
   "Manzanar": 6655,
   "Minidoka": 9288,
   "Rohwer": 6514,
   "Tule Lake": 17492
 },
 {
   "Date": "4/1/44",
   "Total": 92923,
   "Topaz_Central Utah": 7227,
   "Poston_Colorado River": 13453,
   "Gila River": 9419,
   "Granada": 6786,
   "Heart Mountain": 9962,
   "Jerome": 6529,
   "Manzanar": 6565,
   "Minidoka": 9027,
   "Rohwer": 6375,
   "Tule Lake": 17580
 },
 {
   "Date": "5/1/44",
   "Total": 90960,
   "Topaz_Central Utah": 7084,
   "Poston_Colorado River": 13241,
   "Gila River": 9199,
   "Granada": 6685,
   "Heart Mountain": 9760,
   "Jerome": 6467,
   "Manzanar": 6456,
   "Minidoka": 8856,
   "Rohwer": 6248,
   "Tule Lake": 16964
 },
 {
   "Date": "6/1/44",
   "Total": 89119,
   "Topaz_Central Utah": 6879,
   "Poston_Colorado River": 13021,
   "Gila River": 8788,
   "Granada": 6424,
   "Heart Mountain": 9420,
   "Jerome": 5601,
   "Manzanar": 6341,
   "Minidoka": 8514,
   "Rohwer": 5479,
   "Tule Lake": 18652
 },
 {
   "Date": "7/1/44",
   "Total": 87383,
   "Topaz_Central Utah": 6727,
   "Poston_Colorado River": 12725,
   "Gila River": 10531,
   "Granada": 6816,
   "Heart Mountain": 9712,
   "Jerome": 4,
   "Manzanar": 6232,
   "Minidoka": 8335,
   "Rohwer": 7623,
   "Tule Lake": 18678
 },
 {
   "Date": "8/1/44",
   "Total": 85816,
   "Topaz_Central Utah": 6621,
   "Poston_Colorado River": 12517,
   "Gila River": 10291,
   "Granada": 6664,
   "Heart Mountain": 9433,
   "Jerome": 4,
   "Manzanar": 6138,
   "Minidoka": 8160,
   "Rohwer": 7279,
   "Tule Lake": 18709
 },
 {
   "Date": "9/1/44",
   "Total": 84046,
   "Topaz_Central Utah": 6426,
   "Poston_Colorado River": 12152,
   "Gila River": 9951,
   "Granada": 6490,
   "Heart Mountain": 9241,
   "Jerome": 4,
   "Manzanar": 6057,
   "Minidoka": 8099,
   "Rohwer": 6900,
   "Tule Lake": 18726
 },
 {
   "Date": "10/1/44",
   "Total": 82834,
   "Topaz_Central Utah": 6280,
   "Poston_Colorado River": 12059,
   "Gila River": 9651,
   "Granada": 6403,
   "Heart Mountain": 9035,
   "Jerome": 3,
   "Manzanar": 5939,
   "Minidoka": 7972,
   "Rohwer": 6764,
   "Tule Lake": 18728
 },
 {
   "Date": "11/1/44",
   "Total": 82046,
   "Topaz_Central Utah": 6125,
   "Poston_Colorado River": 11881,
   "Gila River": 9550,
   "Granada": 6371,
   "Heart Mountain": 8886,
   "Jerome": 3,
   "Manzanar": 5836,
   "Minidoka": 7976,
   "Rohwer": 6700,
   "Tule Lake": 18718
 },
 {
   "Date": "12/1/44",
   "Total": 81288,
   "Topaz_Central Utah": 6026,
   "Poston_Colorado River": 11751,
   "Gila River": 9534,
   "Granada": 6311,
   "Heart Mountain": 8669,
   "Jerome": 3,
   "Manzanar": 5668,
   "Minidoka": 7867,
   "Rohwer": 6689,
   "Tule Lake": 18770
 },
 {
   "Date": "1/1/45",
   "Total": 80878,
   "Topaz_Central Utah": 5984,
   "Poston_Colorado River": 11710,
   "Gila River": 9550,
   "Granada": 6255,
   "Heart Mountain": 8537,
   "Jerome": 3,
   "Manzanar": 5588,
   "Minidoka": 7770,
   "Rohwer": 6747,
   "Tule Lake": 18734
 },
 {
   "Date": "2/1/45",
   "Total": 79805,
   "Topaz_Central Utah": 5883,
   "Poston_Colorado River": 11480,
   "Gila River": 9432,
   "Granada": 6177,
   "Heart Mountain": 8445,
   "Jerome": 2,
   "Manzanar": 5522,
   "Minidoka": 7574,
   "Rohwer": 6697,
   "Tule Lake": 18593
 },
 {
   "Date": "3/1/45",
   "Total": 77774,
   "Topaz_Central Utah": 5742,
   "Poston_Colorado River": 11251,
   "Gila River": 9207,
   "Granada": 6035,
   "Heart Mountain": 8213,
   "Jerome": 2,
   "Manzanar": 5435,
   "Minidoka": 7373,
   "Rohwer": 6563,
   "Tule Lake": 17953
 },
 {
   "Date": "4/1/45",
   "Total": 75559,
   "Topaz_Central Utah": 5589,
   "Poston_Colorado River": 10828,
   "Gila River": 8988,
   "Granada": 5805,
   "Heart Mountain": 7997,
   "Jerome": 0,
   "Manzanar": 5298,
   "Minidoka": 6851,
   "Rohwer": 6339,
   "Tule Lake": 17864
 },
 {
   "Date": "5/1/45",
   "Total": 72806,
   "Topaz_Central Utah": 5413,
   "Poston_Colorado River": 10421,
   "Gila River": 8716,
   "Granada": 5411,
   "Heart Mountain": 7556,
   "Jerome": 0,
   "Manzanar": 5030,
   "Minidoka": 6382,
   "Rohwer": 5991,
   "Tule Lake": 17886
 },
 {
   "Date": "6/1/45",
   "Total": 69126,
   "Topaz_Central Utah": 5165,
   "Poston_Colorado River": 9979,
   "Gila River": 8319,
   "Granada": 4980,
   "Heart Mountain": 7084,
   "Jerome": 0,
   "Manzanar": 4658,
   "Minidoka": 5615,
   "Rohwer": 5447,
   "Tule Lake": 17879
 },
 {
   "Date": "7/1/45",
   "Total": 63857,
   "Topaz_Central Utah": 4645,
   "Poston_Colorado River": 9386,
   "Gila River": 7684,
   "Granada": 4256,
   "Heart Mountain": 6325,
   "Jerome": 0,
   "Manzanar": 4248,
   "Minidoka": 4937,
   "Rohwer": 4910,
   "Tule Lake": 17466
 },
 {
   "Date": "8/1/45",
   "Total": 58951,
   "Topaz_Central Utah": 4176,
   "Poston_Colorado River": 8750,
   "Gila River": 6765,
   "Granada": 3758,
   "Heart Mountain": 5714,
   "Jerome": 0,
   "Manzanar": 3994,
   "Minidoka": 4330,
   "Rohwer": 4098,
   "Tule Lake": 17366
 },
 {
   "Date": "9/1/45",
   "Total": 50462,
   "Topaz_Central Utah": 3339,
   "Poston_Colorado River": 6828,
   "Gila River": 5141,
   "Granada": 3155,
   "Heart Mountain": 4611,
   "Jerome": 0,
   "Manzanar": 3552,
   "Minidoka": 3218,
   "Rohwer": 3332,
   "Tule Lake": 17286
 },
 {
   "Date": "10/1/45",
   "Total": 35368,
   "Topaz_Central Utah": 1899,
   "Poston_Colorado River": 2730,
   "Gila River": 2760,
   "Granada": 1379,
   "Heart Mountain": 3312,
   "Jerome": 0,
   "Manzanar": 2891,
   "Minidoka": 1482,
   "Rohwer": 2175,
   "Tule Lake": 16740
 },
 {
   "Date": "11/1/45",
   "Total": 21398,
   "Topaz_Central Utah": 0,
   "Poston_Colorado River": 1088,
   "Gila River": 754,
   "Granada": 0,
   "Heart Mountain": 1156,
   "Jerome": 0,
   "Manzanar": 1146,
   "Minidoka": 0,
   "Rohwer": 1804,
   "Tule Lake": 15450
 },
 {
   "Date": "12/1/45",
   "Total": 12628,
   "Topaz_Central Utah": 0,
   "Poston_Colorado River": 0,
   "Gila River": 0,
   "Granada": 0,
   "Heart Mountain": 0,
   "Jerome": 0,
   "Manzanar": 0,
   "Minidoka": 0,
   "Rohwer": 0,
   "Tule Lake": 12628
 },
 {
   "Date": "1/1/46",
   "Total": 7303,
   "Topaz_Central Utah": 0,
   "Poston_Colorado River": 0,
   "Gila River": 0,
   "Granada": 0,
   "Heart Mountain": 0,
   "Jerome": 0,
   "Manzanar": 0,
   "Minidoka": 0,
   "Rohwer": 0,
   "Tule Lake": 7303
 },
 {
   "Date": "2/1/46",
   "Total": 5046,
   "Topaz_Central Utah": 0,
   "Poston_Colorado River": 0,
   "Gila River": 0,
   "Granada": 0,
   "Heart Mountain": 0,
   "Jerome": 0,
   "Manzanar": 0,
   "Minidoka": 0,
   "Rohwer": 0,
   "Tule Lake": 5046
 },
 {
   "Date": "3/1/46",
   "Total": 2808,
   "Topaz_Central Utah": 0,
   "Poston_Colorado River": 0,
   "Gila River": 0,
   "Granada": 0,
   "Heart Mountain": 0,
   "Jerome": 0,
   "Manzanar": 0,
   "Minidoka": 0,
   "Rohwer": 0,
   "Tule Lake": 2808
 }
]