[
 {
   "State": "AZ",
   "Topaz": 0,
   "Poston": 239,
   "Gila River": 5,
   "Granada": 0,
   "Heart Mountain": 0,
   "Jerome": 0,
   "Manzanar": 1,
   "Minidoka": 0,
   "Rohwer": 0,
   "Tule Lake": 0
 },
 {
   "State": "CA",
   "Topaz": 8134,
   "Poston": 17598,
   "Gila River": 12669,
   "Granada": 7588,
   "Heart Mountain": 10015,
   "Jerome": 7871,
   "Manzanar": 9789,
   "Minidoka": 170,
   "Rohwer": 8292,
   "Tule Lake": 9850
 },
 {
   "State": "HI",
   "Topaz": 226,
   "Poston": 0,
   "Gila River": 0,
   "Granada": 0,
   "Heart Mountain": 0,
   "Jerome": 810,
   "Manzanar": 0,
   "Minidoka": 1,
   "Rohwer": 0,
   "Tule Lake": 0
 },
 {
   "State": "OR",
   "Topaz": 2,
   "Poston": 1,
   "Gila River": 5,
   "Granada": 2,
   "Heart Mountain": 71,
   "Jerome": 0,
   "Manzanar": 1,
   "Minidoka": 2305,
   "Rohwer": 0,
   "Tule Lake": 1138
 },
 {
   "State": "WA",
   "Topaz": 8,
   "Poston": 9,
   "Gila River": 23,
   "Granada": 8,
   "Heart Mountain": 950,
   "Jerome": 0,
   "Manzanar": 230,
   "Minidoka": 7240,
   "Rohwer": 9,
   "Tule Lake": 4366
 }
]